id,pretty_link,country
350029,"<div><a href=""/places/default/view/Afghanistan-1""><img src=""/places/static/images/flags/af.png"" /> Afghanistan</a></div>",Afghanistan
350030,"<div><a href=""/places/default/view/Aland-Islands-2""><img src=""/places/static/images/flags/ax.png"" /> Aland Islands</a></div>",Aland Islands
350031,"<div><a href=""/places/default/view/Albania-3""><img src=""/places/static/images/flags/al.png"" /> Albania</a></div>",Albania
350032,"<div><a href=""/places/default/view/Algeria-4""><img src=""/places/static/images/flags/dz.png"" /> Algeria</a></div>",Algeria
350033,"<div><a href=""/places/default/view/American-Samoa-5""><img src=""/places/static/images/flags/as.png"" /> American Samoa</a></div>",American Samoa
350034,"<div><a href=""/places/default/view/Andorra-6""><img src=""/places/static/images/flags/ad.png"" /> Andorra</a></div>",Andorra
350035,"<div><a href=""/places/default/view/Angola-7""><img src=""/places/static/images/flags/ao.png"" /> Angola</a></div>",Angola
350036,"<div><a href=""/places/default/view/Anguilla-8""><img src=""/places/static/images/flags/ai.png"" /> Anguilla</a></div>",Anguilla
350037,"<div><a href=""/places/default/view/Antarctica-9""><img src=""/places/static/images/flags/aq.png"" /> Antarctica</a></div>",Antarctica
350038,"<div><a href=""/places/default/view/Antigua-and-Barbuda-10""><img src=""/places/static/images/flags/ag.png"" /> Antigua and Barbuda</a></div>",Antigua and Barbuda
350039,"<div><a href=""/places/default/view/Argentina-11""><img src=""/places/static/images/flags/ar.png"" /> Argentina</a></div>",Argentina
350040,"<div><a href=""/places/default/view/Armenia-12""><img src=""/places/static/images/flags/am.png"" /> Armenia</a></div>",Armenia
350041,"<div><a href=""/places/default/view/Aruba-13""><img src=""/places/static/images/flags/aw.png"" /> Aruba</a></div>",Aruba
350042,"<div><a href=""/places/default/view/Australia-14""><img src=""/places/static/images/flags/au.png"" /> Australia</a></div>",Australia
350043,"<div><a href=""/places/default/view/Austria-15""><img src=""/places/static/images/flags/at.png"" /> Austria</a></div>",Austria
350044,"<div><a href=""/places/default/view/Azerbaijan-16""><img src=""/places/static/images/flags/az.png"" /> Azerbaijan</a></div>",Azerbaijan
350045,"<div><a href=""/places/default/view/Bahamas-17""><img src=""/places/static/images/flags/bs.png"" /> Bahamas</a></div>",Bahamas
350046,"<div><a href=""/places/default/view/Bahrain-18""><img src=""/places/static/images/flags/bh.png"" /> Bahrain</a></div>",Bahrain
350047,"<div><a href=""/places/default/view/Bangladesh-19""><img src=""/places/static/images/flags/bd.png"" /> Bangladesh</a></div>",Bangladesh
350048,"<div><a href=""/places/default/view/Barbados-20""><img src=""/places/static/images/flags/bb.png"" /> Barbados</a></div>",Barbados
350049,"<div><a href=""/places/default/view/Belarus-21""><img src=""/places/static/images/flags/by.png"" /> Belarus</a></div>",Belarus
350050,"<div><a href=""/places/default/view/Belgium-22""><img src=""/places/static/images/flags/be.png"" /> Belgium</a></div>",Belgium
350051,"<div><a href=""/places/default/view/Belize-23""><img src=""/places/static/images/flags/bz.png"" /> Belize</a></div>",Belize
350052,"<div><a href=""/places/default/view/Benin-24""><img src=""/places/static/images/flags/bj.png"" /> Benin</a></div>",Benin
350053,"<div><a href=""/places/default/view/Bermuda-25""><img src=""/places/static/images/flags/bm.png"" /> Bermuda</a></div>",Bermuda
350054,"<div><a href=""/places/default/view/Bhutan-26""><img src=""/places/static/images/flags/bt.png"" /> Bhutan</a></div>",Bhutan
350055,"<div><a href=""/places/default/view/Bolivia-27""><img src=""/places/static/images/flags/bo.png"" /> Bolivia</a></div>",Bolivia
350056,"<div><a href=""/places/default/view/Bonaire-Saint-Eustatius-and-Saba-28""><img src=""/places/static/images/flags/bq.png"" /> Bonaire, Saint Eustatius and Saba</a></div>","Bonaire, Saint Eustatius and Saba"
350057,"<div><a href=""/places/default/view/Bosnia-and-Herzegovina-29""><img src=""/places/static/images/flags/ba.png"" /> Bosnia and Herzegovina</a></div>",Bosnia and Herzegovina
350058,"<div><a href=""/places/default/view/Botswana-30""><img src=""/places/static/images/flags/bw.png"" /> Botswana</a></div>",Botswana
350059,"<div><a href=""/places/default/view/Bouvet-Island-31""><img src=""/places/static/images/flags/bv.png"" /> Bouvet Island</a></div>",Bouvet Island
350060,"<div><a href=""/places/default/view/Brazil-32""><img src=""/places/static/images/flags/br.png"" /> Brazil</a></div>",Brazil
350061,"<div><a href=""/places/default/view/British-Indian-Ocean-Territory-33""><img src=""/places/static/images/flags/io.png"" /> British Indian Ocean Territory</a></div>",British Indian Ocean Territory
350062,"<div><a href=""/places/default/view/British-Virgin-Islands-34""><img src=""/places/static/images/flags/vg.png"" /> British Virgin Islands</a></div>",British Virgin Islands
350063,"<div><a href=""/places/default/view/Brunei-35""><img src=""/places/static/images/flags/bn.png"" /> Brunei</a></div>",Brunei
350064,"<div><a href=""/places/default/view/Bulgaria-36""><img src=""/places/static/images/flags/bg.png"" /> Bulgaria</a></div>",Bulgaria
350065,"<div><a href=""/places/default/view/Burkina-Faso-37""><img src=""/places/static/images/flags/bf.png"" /> Burkina Faso</a></div>",Burkina Faso
350066,"<div><a href=""/places/default/view/Burundi-38""><img src=""/places/static/images/flags/bi.png"" /> Burundi</a></div>",Burundi
350067,"<div><a href=""/places/default/view/Cambodia-39""><img src=""/places/static/images/flags/kh.png"" /> Cambodia</a></div>",Cambodia
350068,"<div><a href=""/places/default/view/Cameroon-40""><img src=""/places/static/images/flags/cm.png"" /> Cameroon</a></div>",Cameroon
350069,"<div><a href=""/places/default/view/Canada-41""><img src=""/places/static/images/flags/ca.png"" /> Canada</a></div>",Canada
350070,"<div><a href=""/places/default/view/Cape-Verde-42""><img src=""/places/static/images/flags/cv.png"" /> Cape Verde</a></div>",Cape Verde
350071,"<div><a href=""/places/default/view/Cayman-Islands-43""><img src=""/places/static/images/flags/ky.png"" /> Cayman Islands</a></div>",Cayman Islands
350072,"<div><a href=""/places/default/view/Central-African-Republic-44""><img src=""/places/static/images/flags/cf.png"" /> Central African Republic</a></div>",Central African Republic
350073,"<div><a href=""/places/default/view/Chad-45""><img src=""/places/static/images/flags/td.png"" /> Chad</a></div>",Chad
350074,"<div><a href=""/places/default/view/Chile-46""><img src=""/places/static/images/flags/cl.png"" /> Chile</a></div>",Chile
350075,"<div><a href=""/places/default/view/China-47""><img src=""/places/static/images/flags/cn.png"" /> China</a></div>",China
350076,"<div><a href=""/places/default/view/Christmas-Island-48""><img src=""/places/static/images/flags/cx.png"" /> Christmas Island</a></div>",Christmas Island
350077,"<div><a href=""/places/default/view/Cocos-Islands-49""><img src=""/places/static/images/flags/cc.png"" /> Cocos Islands</a></div>",Cocos Islands
350078,"<div><a href=""/places/default/view/Colombia-50""><img src=""/places/static/images/flags/co.png"" /> Colombia</a></div>",Colombia
350079,"<div><a href=""/places/default/view/Comoros-51""><img src=""/places/static/images/flags/km.png"" /> Comoros</a></div>",Comoros
350080,"<div><a href=""/places/default/view/Cook-Islands-52""><img src=""/places/static/images/flags/ck.png"" /> Cook Islands</a></div>",Cook Islands
350081,"<div><a href=""/places/default/view/Costa-Rica-53""><img src=""/places/static/images/flags/cr.png"" /> Costa Rica</a></div>",Costa Rica
350082,"<div><a href=""/places/default/view/Croatia-54""><img src=""/places/static/images/flags/hr.png"" /> Croatia</a></div>",Croatia
350083,"<div><a href=""/places/default/view/Cuba-55""><img src=""/places/static/images/flags/cu.png"" /> Cuba</a></div>",Cuba
350084,"<div><a href=""/places/default/view/Curacao-56""><img src=""/places/static/images/flags/cw.png"" /> Curacao</a></div>",Curacao
350085,"<div><a href=""/places/default/view/Cyprus-57""><img src=""/places/static/images/flags/cy.png"" /> Cyprus</a></div>",Cyprus
350086,"<div><a href=""/places/default/view/Czech-Republic-58""><img src=""/places/static/images/flags/cz.png"" /> Czech Republic</a></div>",Czech Republic
350087,"<div><a href=""/places/default/view/Democratic-Republic-of-the-Congo-59""><img src=""/places/static/images/flags/cd.png"" /> Democratic Republic of the Congo</a></div>",Democratic Republic of the Congo
350088,"<div><a href=""/places/default/view/Denmark-60""><img src=""/places/static/images/flags/dk.png"" /> Denmark</a></div>",Denmark
350089,"<div><a href=""/places/default/view/Djibouti-61""><img src=""/places/static/images/flags/dj.png"" /> Djibouti</a></div>",Djibouti
350090,"<div><a href=""/places/default/view/Dominica-62""><img src=""/places/static/images/flags/dm.png"" /> Dominica</a></div>",Dominica
350091,"<div><a href=""/places/default/view/Dominican-Republic-63""><img src=""/places/static/images/flags/do.png"" /> Dominican Republic</a></div>",Dominican Republic
350092,"<div><a href=""/places/default/view/East-Timor-64""><img src=""/places/static/images/flags/tl.png"" /> East Timor</a></div>",East Timor
350093,"<div><a href=""/places/default/view/Ecuador-65""><img src=""/places/static/images/flags/ec.png"" /> Ecuador</a></div>",Ecuador
350094,"<div><a href=""/places/default/view/Egypt-66""><img src=""/places/static/images/flags/eg.png"" /> Egypt</a></div>",Egypt
350095,"<div><a href=""/places/default/view/El-Salvador-67""><img src=""/places/static/images/flags/sv.png"" /> El Salvador</a></div>",El Salvador
350096,"<div><a href=""/places/default/view/Equatorial-Guinea-68""><img src=""/places/static/images/flags/gq.png"" /> Equatorial Guinea</a></div>",Equatorial Guinea
350097,"<div><a href=""/places/default/view/Eritrea-69""><img src=""/places/static/images/flags/er.png"" /> Eritrea</a></div>",Eritrea
350098,"<div><a href=""/places/default/view/Estonia-70""><img src=""/places/static/images/flags/ee.png"" /> Estonia</a></div>",Estonia
350099,"<div><a href=""/places/default/view/Ethiopia-71""><img src=""/places/static/images/flags/et.png"" /> Ethiopia</a></div>",Ethiopia
350100,"<div><a href=""/places/default/view/Falkland-Islands-72""><img src=""/places/static/images/flags/fk.png"" /> Falkland Islands</a></div>",Falkland Islands
350101,"<div><a href=""/places/default/view/Faroe-Islands-73""><img src=""/places/static/images/flags/fo.png"" /> Faroe Islands</a></div>",Faroe Islands
350102,"<div><a href=""/places/default/view/Fiji-74""><img src=""/places/static/images/flags/fj.png"" /> Fiji</a></div>",Fiji
350103,"<div><a href=""/places/default/view/Finland-75""><img src=""/places/static/images/flags/fi.png"" /> Finland</a></div>",Finland
350104,"<div><a href=""/places/default/view/France-76""><img src=""/places/static/images/flags/fr.png"" /> France</a></div>",France
350105,"<div><a href=""/places/default/view/French-Guiana-77""><img src=""/places/static/images/flags/gf.png"" /> French Guiana</a></div>",French Guiana
350106,"<div><a href=""/places/default/view/French-Polynesia-78""><img src=""/places/static/images/flags/pf.png"" /> French Polynesia</a></div>",French Polynesia
350107,"<div><a href=""/places/default/view/French-Southern-Territories-79""><img src=""/places/static/images/flags/tf.png"" /> French Southern Territories</a></div>",French Southern Territories
350108,"<div><a href=""/places/default/view/Gabon-80""><img src=""/places/static/images/flags/ga.png"" /> Gabon</a></div>",Gabon
350109,"<div><a href=""/places/default/view/Gambia-81""><img src=""/places/static/images/flags/gm.png"" /> Gambia</a></div>",Gambia
350110,"<div><a href=""/places/default/view/Georgia-82""><img src=""/places/static/images/flags/ge.png"" /> Georgia</a></div>",Georgia
350111,"<div><a href=""/places/default/view/Germany-83""><img src=""/places/static/images/flags/de.png"" /> Germany</a></div>",Germany
350112,"<div><a href=""/places/default/view/Ghana-84""><img src=""/places/static/images/flags/gh.png"" /> Ghana</a></div>",Ghana
350113,"<div><a href=""/places/default/view/Gibraltar-85""><img src=""/places/static/images/flags/gi.png"" /> Gibraltar</a></div>",Gibraltar
350114,"<div><a href=""/places/default/view/Greece-86""><img src=""/places/static/images/flags/gr.png"" /> Greece</a></div>",Greece
350115,"<div><a href=""/places/default/view/Greenland-87""><img src=""/places/static/images/flags/gl.png"" /> Greenland</a></div>",Greenland
350116,"<div><a href=""/places/default/view/Grenada-88""><img src=""/places/static/images/flags/gd.png"" /> Grenada</a></div>",Grenada
350117,"<div><a href=""/places/default/view/Guadeloupe-89""><img src=""/places/static/images/flags/gp.png"" /> Guadeloupe</a></div>",Guadeloupe
350118,"<div><a href=""/places/default/view/Guam-90""><img src=""/places/static/images/flags/gu.png"" /> Guam</a></div>",Guam
350119,"<div><a href=""/places/default/view/Guatemala-91""><img src=""/places/static/images/flags/gt.png"" /> Guatemala</a></div>",Guatemala
350120,"<div><a href=""/places/default/view/Guernsey-92""><img src=""/places/static/images/flags/gg.png"" /> Guernsey</a></div>",Guernsey
350121,"<div><a href=""/places/default/view/Guinea-93""><img src=""/places/static/images/flags/gn.png"" /> Guinea</a></div>",Guinea
350122,"<div><a href=""/places/default/view/Guinea-Bissau-94""><img src=""/places/static/images/flags/gw.png"" /> Guinea-Bissau</a></div>",Guinea-Bissau
350123,"<div><a href=""/places/default/view/Guyana-95""><img src=""/places/static/images/flags/gy.png"" /> Guyana</a></div>",Guyana
350124,"<div><a href=""/places/default/view/Haiti-96""><img src=""/places/static/images/flags/ht.png"" /> Haiti</a></div>",Haiti
350125,"<div><a href=""/places/default/view/Heard-Island-and-McDonald-Islands-97""><img src=""/places/static/images/flags/hm.png"" /> Heard Island and McDonald Islands</a></div>",Heard Island and McDonald Islands
350126,"<div><a href=""/places/default/view/Honduras-98""><img src=""/places/static/images/flags/hn.png"" /> Honduras</a></div>",Honduras
350127,"<div><a href=""/places/default/view/Hong-Kong-99""><img src=""/places/static/images/flags/hk.png"" /> Hong Kong</a></div>",Hong Kong
350128,"<div><a href=""/places/default/view/Hungary-100""><img src=""/places/static/images/flags/hu.png"" /> Hungary</a></div>",Hungary
350129,"<div><a href=""/places/default/view/Iceland-101""><img src=""/places/static/images/flags/is.png"" /> Iceland</a></div>",Iceland
350130,"<div><a href=""/places/default/view/India-102""><img src=""/places/static/images/flags/in.png"" /> India</a></div>",India
350131,"<div><a href=""/places/default/view/Indonesia-103""><img src=""/places/static/images/flags/id.png"" /> Indonesia</a></div>",Indonesia
350132,"<div><a href=""/places/default/view/Iran-104""><img src=""/places/static/images/flags/ir.png"" /> Iran</a></div>",Iran
350133,"<div><a href=""/places/default/view/Iraq-105""><img src=""/places/static/images/flags/iq.png"" /> Iraq</a></div>",Iraq
350134,"<div><a href=""/places/default/view/Ireland-106""><img src=""/places/static/images/flags/ie.png"" /> Ireland</a></div>",Ireland
350135,"<div><a href=""/places/default/view/Isle-of-Man-107""><img src=""/places/static/images/flags/im.png"" /> Isle of Man</a></div>",Isle of Man
350136,"<div><a href=""/places/default/view/Israel-108""><img src=""/places/static/images/flags/il.png"" /> Israel</a></div>",Israel
350137,"<div><a href=""/places/default/view/Italy-109""><img src=""/places/static/images/flags/it.png"" /> Italy</a></div>",Italy
350138,"<div><a href=""/places/default/view/Ivory-Coast-110""><img src=""/places/static/images/flags/ci.png"" /> Ivory Coast</a></div>",Ivory Coast
350139,"<div><a href=""/places/default/view/Jamaica-111""><img src=""/places/static/images/flags/jm.png"" /> Jamaica</a></div>",Jamaica
350140,"<div><a href=""/places/default/view/Japan-112""><img src=""/places/static/images/flags/jp.png"" /> Japan</a></div>",Japan
350141,"<div><a href=""/places/default/view/Jersey-113""><img src=""/places/static/images/flags/je.png"" /> Jersey</a></div>",Jersey
350142,"<div><a href=""/places/default/view/Jordan-114""><img src=""/places/static/images/flags/jo.png"" /> Jordan</a></div>",Jordan
350143,"<div><a href=""/places/default/view/Kazakhstan-115""><img src=""/places/static/images/flags/kz.png"" /> Kazakhstan</a></div>",Kazakhstan
350144,"<div><a href=""/places/default/view/Kenya-116""><img src=""/places/static/images/flags/ke.png"" /> Kenya</a></div>",Kenya
350145,"<div><a href=""/places/default/view/Kiribati-117""><img src=""/places/static/images/flags/ki.png"" /> Kiribati</a></div>",Kiribati
350146,"<div><a href=""/places/default/view/Kosovo-118""><img src=""/places/static/images/flags/xk.png"" /> Kosovo</a></div>",Kosovo
350147,"<div><a href=""/places/default/view/Kuwait-119""><img src=""/places/static/images/flags/kw.png"" /> Kuwait</a></div>",Kuwait
350148,"<div><a href=""/places/default/view/Kyrgyzstan-120""><img src=""/places/static/images/flags/kg.png"" /> Kyrgyzstan</a></div>",Kyrgyzstan
350149,"<div><a href=""/places/default/view/Laos-121""><img src=""/places/static/images/flags/la.png"" /> Laos</a></div>",Laos
350150,"<div><a href=""/places/default/view/Latvia-122""><img src=""/places/static/images/flags/lv.png"" /> Latvia</a></div>",Latvia
350151,"<div><a href=""/places/default/view/Lebanon-123""><img src=""/places/static/images/flags/lb.png"" /> Lebanon</a></div>",Lebanon
350152,"<div><a href=""/places/default/view/Lesotho-124""><img src=""/places/static/images/flags/ls.png"" /> Lesotho</a></div>",Lesotho
350153,"<div><a href=""/places/default/view/Liberia-125""><img src=""/places/static/images/flags/lr.png"" /> Liberia</a></div>",Liberia
350154,"<div><a href=""/places/default/view/Libya-126""><img src=""/places/static/images/flags/ly.png"" /> Libya</a></div>",Libya
350155,"<div><a href=""/places/default/view/Liechtenstein-127""><img src=""/places/static/images/flags/li.png"" /> Liechtenstein</a></div>",Liechtenstein
350156,"<div><a href=""/places/default/view/Lithuania-128""><img src=""/places/static/images/flags/lt.png"" /> Lithuania</a></div>",Lithuania
350157,"<div><a href=""/places/default/view/Luxembourg-129""><img src=""/places/static/images/flags/lu.png"" /> Luxembourg</a></div>",Luxembourg
350158,"<div><a href=""/places/default/view/Macao-130""><img src=""/places/static/images/flags/mo.png"" /> Macao</a></div>",Macao
350159,"<div><a href=""/places/default/view/Macedonia-131""><img src=""/places/static/images/flags/mk.png"" /> Macedonia</a></div>",Macedonia
350160,"<div><a href=""/places/default/view/Madagascar-132""><img src=""/places/static/images/flags/mg.png"" /> Madagascar</a></div>",Madagascar
350161,"<div><a href=""/places/default/view/Malawi-133""><img src=""/places/static/images/flags/mw.png"" /> Malawi</a></div>",Malawi
350162,"<div><a href=""/places/default/view/Malaysia-134""><img src=""/places/static/images/flags/my.png"" /> Malaysia</a></div>",Malaysia
350163,"<div><a href=""/places/default/view/Maldives-135""><img src=""/places/static/images/flags/mv.png"" /> Maldives</a></div>",Maldives
350164,"<div><a href=""/places/default/view/Mali-136""><img src=""/places/static/images/flags/ml.png"" /> Mali</a></div>",Mali
350165,"<div><a href=""/places/default/view/Malta-137""><img src=""/places/static/images/flags/mt.png"" /> Malta</a></div>",Malta
350166,"<div><a href=""/places/default/view/Marshall-Islands-138""><img src=""/places/static/images/flags/mh.png"" /> Marshall Islands</a></div>",Marshall Islands
350167,"<div><a href=""/places/default/view/Martinique-139""><img src=""/places/static/images/flags/mq.png"" /> Martinique</a></div>",Martinique
350168,"<div><a href=""/places/default/view/Mauritania-140""><img src=""/places/static/images/flags/mr.png"" /> Mauritania</a></div>",Mauritania
350169,"<div><a href=""/places/default/view/Mauritius-141""><img src=""/places/static/images/flags/mu.png"" /> Mauritius</a></div>",Mauritius
350170,"<div><a href=""/places/default/view/Mayotte-142""><img src=""/places/static/images/flags/yt.png"" /> Mayotte</a></div>",Mayotte
350171,"<div><a href=""/places/default/view/Mexico-143""><img src=""/places/static/images/flags/mx.png"" /> Mexico</a></div>",Mexico
350172,"<div><a href=""/places/default/view/Micronesia-144""><img src=""/places/static/images/flags/fm.png"" /> Micronesia</a></div>",Micronesia
350173,"<div><a href=""/places/default/view/Moldova-145""><img src=""/places/static/images/flags/md.png"" /> Moldova</a></div>",Moldova
350174,"<div><a href=""/places/default/view/Monaco-146""><img src=""/places/static/images/flags/mc.png"" /> Monaco</a></div>",Monaco
350175,"<div><a href=""/places/default/view/Mongolia-147""><img src=""/places/static/images/flags/mn.png"" /> Mongolia</a></div>",Mongolia
350176,"<div><a href=""/places/default/view/Montenegro-148""><img src=""/places/static/images/flags/me.png"" /> Montenegro</a></div>",Montenegro
350177,"<div><a href=""/places/default/view/Montserrat-149""><img src=""/places/static/images/flags/ms.png"" /> Montserrat</a></div>",Montserrat
350178,"<div><a href=""/places/default/view/Morocco-150""><img src=""/places/static/images/flags/ma.png"" /> Morocco</a></div>",Morocco
350179,"<div><a href=""/places/default/view/Mozambique-151""><img src=""/places/static/images/flags/mz.png"" /> Mozambique</a></div>",Mozambique
350180,"<div><a href=""/places/default/view/Myanmar-152""><img src=""/places/static/images/flags/mm.png"" /> Myanmar</a></div>",Myanmar
350181,"<div><a href=""/places/default/view/Namibia-153""><img src=""/places/static/images/flags/na.png"" /> Namibia</a></div>",Namibia
350182,"<div><a href=""/places/default/view/Nauru-154""><img src=""/places/static/images/flags/nr.png"" /> Nauru</a></div>",Nauru
350183,"<div><a href=""/places/default/view/Nepal-155""><img src=""/places/static/images/flags/np.png"" /> Nepal</a></div>",Nepal
350184,"<div><a href=""/places/default/view/Netherlands-156""><img src=""/places/static/images/flags/nl.png"" /> Netherlands</a></div>",Netherlands
350185,"<div><a href=""/places/default/view/Netherlands-Antilles-157""><img src=""/places/static/images/flags/an.png"" /> Netherlands Antilles</a></div>",Netherlands Antilles
350186,"<div><a href=""/places/default/view/New-Caledonia-158""><img src=""/places/static/images/flags/nc.png"" /> New Caledonia</a></div>",New Caledonia
350187,"<div><a href=""/places/default/view/New-Zealand-159""><img src=""/places/static/images/flags/nz.png"" /> New Zealand</a></div>",New Zealand
350188,"<div><a href=""/places/default/view/Nicaragua-160""><img src=""/places/static/images/flags/ni.png"" /> Nicaragua</a></div>",Nicaragua
350189,"<div><a href=""/places/default/view/Niger-161""><img src=""/places/static/images/flags/ne.png"" /> Niger</a></div>",Niger
350190,"<div><a href=""/places/default/view/Nigeria-162""><img src=""/places/static/images/flags/ng.png"" /> Nigeria</a></div>",Nigeria
350191,"<div><a href=""/places/default/view/Niue-163""><img src=""/places/static/images/flags/nu.png"" /> Niue</a></div>",Niue
350192,"<div><a href=""/places/default/view/Norfolk-Island-164""><img src=""/places/static/images/flags/nf.png"" /> Norfolk Island</a></div>",Norfolk Island
350193,"<div><a href=""/places/default/view/North-Korea-165""><img src=""/places/static/images/flags/kp.png"" /> North Korea</a></div>",North Korea
350194,"<div><a href=""/places/default/view/Northern-Mariana-Islands-166""><img src=""/places/static/images/flags/mp.png"" /> Northern Mariana Islands</a></div>",Northern Mariana Islands
350195,"<div><a href=""/places/default/view/Norway-167""><img src=""/places/static/images/flags/no.png"" /> Norway</a></div>",Norway
350196,"<div><a href=""/places/default/view/Oman-168""><img src=""/places/static/images/flags/om.png"" /> Oman</a></div>",Oman
350197,"<div><a href=""/places/default/view/Pakistan-169""><img src=""/places/static/images/flags/pk.png"" /> Pakistan</a></div>",Pakistan
350198,"<div><a href=""/places/default/view/Palau-170""><img src=""/places/static/images/flags/pw.png"" /> Palau</a></div>",Palau
350199,"<div><a href=""/places/default/view/Palestinian-Territory-171""><img src=""/places/static/images/flags/ps.png"" /> Palestinian Territory</a></div>",Palestinian Territory
350200,"<div><a href=""/places/default/view/Panama-172""><img src=""/places/static/images/flags/pa.png"" /> Panama</a></div>",Panama
350201,"<div><a href=""/places/default/view/Papua-New-Guinea-173""><img src=""/places/static/images/flags/pg.png"" /> Papua New Guinea</a></div>",Papua New Guinea
350202,"<div><a href=""/places/default/view/Paraguay-174""><img src=""/places/static/images/flags/py.png"" /> Paraguay</a></div>",Paraguay
350203,"<div><a href=""/places/default/view/Peru-175""><img src=""/places/static/images/flags/pe.png"" /> Peru</a></div>",Peru
350204,"<div><a href=""/places/default/view/Philippines-176""><img src=""/places/static/images/flags/ph.png"" /> Philippines</a></div>",Philippines
350205,"<div><a href=""/places/default/view/Pitcairn-177""><img src=""/places/static/images/flags/pn.png"" /> Pitcairn</a></div>",Pitcairn
350206,"<div><a href=""/places/default/view/Poland-178""><img src=""/places/static/images/flags/pl.png"" /> Poland</a></div>",Poland
350207,"<div><a href=""/places/default/view/Portugal-179""><img src=""/places/static/images/flags/pt.png"" /> Portugal</a></div>",Portugal
350208,"<div><a href=""/places/default/view/Puerto-Rico-180""><img src=""/places/static/images/flags/pr.png"" /> Puerto Rico</a></div>",Puerto Rico
350209,"<div><a href=""/places/default/view/Qatar-181""><img src=""/places/static/images/flags/qa.png"" /> Qatar</a></div>",Qatar
350210,"<div><a href=""/places/default/view/Republic-of-the-Congo-182""><img src=""/places/static/images/flags/cg.png"" /> Republic of the Congo</a></div>",Republic of the Congo
350211,"<div><a href=""/places/default/view/Reunion-183""><img src=""/places/static/images/flags/re.png"" /> Reunion</a></div>",Reunion
350212,"<div><a href=""/places/default/view/Romania-184""><img src=""/places/static/images/flags/ro.png"" /> Romania</a></div>",Romania
350213,"<div><a href=""/places/default/view/Russia-185""><img src=""/places/static/images/flags/ru.png"" /> Russia</a></div>",Russia
350214,"<div><a href=""/places/default/view/Rwanda-186""><img src=""/places/static/images/flags/rw.png"" /> Rwanda</a></div>",Rwanda
350215,"<div><a href=""/places/default/view/Saint-Barthelemy-187""><img src=""/places/static/images/flags/bl.png"" /> Saint Barthelemy</a></div>",Saint Barthelemy
350216,"<div><a href=""/places/default/view/Saint-Helena-188""><img src=""/places/static/images/flags/sh.png"" /> Saint Helena</a></div>",Saint Helena
350217,"<div><a href=""/places/default/view/Saint-Kitts-and-Nevis-189""><img src=""/places/static/images/flags/kn.png"" /> Saint Kitts and Nevis</a></div>",Saint Kitts and Nevis
350218,"<div><a href=""/places/default/view/Saint-Lucia-190""><img src=""/places/static/images/flags/lc.png"" /> Saint Lucia</a></div>",Saint Lucia
350219,"<div><a href=""/places/default/view/Saint-Martin-191""><img src=""/places/static/images/flags/mf.png"" /> Saint Martin</a></div>",Saint Martin
350220,"<div><a href=""/places/default/view/Saint-Pierre-and-Miquelon-192""><img src=""/places/static/images/flags/pm.png"" /> Saint Pierre and Miquelon</a></div>",Saint Pierre and Miquelon
350221,"<div><a href=""/places/default/view/Saint-Vincent-and-the-Grenadines-193""><img src=""/places/static/images/flags/vc.png"" /> Saint Vincent and the Grenadines</a></div>",Saint Vincent and the Grenadines
350222,"<div><a href=""/places/default/view/Samoa-194""><img src=""/places/static/images/flags/ws.png"" /> Samoa</a></div>",Samoa
350223,"<div><a href=""/places/default/view/San-Marino-195""><img src=""/places/static/images/flags/sm.png"" /> San Marino</a></div>",San Marino
350224,"<div><a href=""/places/default/view/Sao-Tome-and-Principe-196""><img src=""/places/static/images/flags/st.png"" /> Sao Tome and Principe</a></div>",Sao Tome and Principe
350225,"<div><a href=""/places/default/view/Saudi-Arabia-197""><img src=""/places/static/images/flags/sa.png"" /> Saudi Arabia</a></div>",Saudi Arabia
350226,"<div><a href=""/places/default/view/Senegal-198""><img src=""/places/static/images/flags/sn.png"" /> Senegal</a></div>",Senegal
350227,"<div><a href=""/places/default/view/Serbia-199""><img src=""/places/static/images/flags/rs.png"" /> Serbia</a></div>",Serbia
350228,"<div><a href=""/places/default/view/Serbia-and-Montenegro-200""><img src=""/places/static/images/flags/cs.png"" /> Serbia and Montenegro</a></div>",Serbia and Montenegro
350229,"<div><a href=""/places/default/view/Seychelles-201""><img src=""/places/static/images/flags/sc.png"" /> Seychelles</a></div>",Seychelles
350230,"<div><a href=""/places/default/view/Sierra-Leone-202""><img src=""/places/static/images/flags/sl.png"" /> Sierra Leone</a></div>",Sierra Leone
350231,"<div><a href=""/places/default/view/Singapore-203""><img src=""/places/static/images/flags/sg.png"" /> Singapore</a></div>",Singapore
350232,"<div><a href=""/places/default/view/Sint-Maarten-204""><img src=""/places/static/images/flags/sx.png"" /> Sint Maarten</a></div>",Sint Maarten
350233,"<div><a href=""/places/default/view/Slovakia-205""><img src=""/places/static/images/flags/sk.png"" /> Slovakia</a></div>",Slovakia
350234,"<div><a href=""/places/default/view/Slovenia-206""><img src=""/places/static/images/flags/si.png"" /> Slovenia</a></div>",Slovenia
350235,"<div><a href=""/places/default/view/Solomon-Islands-207""><img src=""/places/static/images/flags/sb.png"" /> Solomon Islands</a></div>",Solomon Islands
350236,"<div><a href=""/places/default/view/Somalia-208""><img src=""/places/static/images/flags/so.png"" /> Somalia</a></div>",Somalia
350237,"<div><a href=""/places/default/view/South-Africa-209""><img src=""/places/static/images/flags/za.png"" /> South Africa</a></div>",South Africa
350238,"<div><a href=""/places/default/view/South-Georgia-and-the-South-Sandwich-Islands-210""><img src=""/places/static/images/flags/gs.png"" /> South Georgia and the South Sandwich Islands</a></div>",South Georgia and the South Sandwich Islands
350239,"<div><a href=""/places/default/view/South-Korea-211""><img src=""/places/static/images/flags/kr.png"" /> South Korea</a></div>",South Korea
350240,"<div><a href=""/places/default/view/South-Sudan-212""><img src=""/places/static/images/flags/ss.png"" /> South Sudan</a></div>",South Sudan
350241,"<div><a href=""/places/default/view/Spain-213""><img src=""/places/static/images/flags/es.png"" /> Spain</a></div>",Spain
350242,"<div><a href=""/places/default/view/Sri-Lanka-214""><img src=""/places/static/images/flags/lk.png"" /> Sri Lanka</a></div>",Sri Lanka
350243,"<div><a href=""/places/default/view/Sudan-215""><img src=""/places/static/images/flags/sd.png"" /> Sudan</a></div>",Sudan
350244,"<div><a href=""/places/default/view/Suriname-216""><img src=""/places/static/images/flags/sr.png"" /> Suriname</a></div>",Suriname
350245,"<div><a href=""/places/default/view/Svalbard-and-Jan-Mayen-217""><img src=""/places/static/images/flags/sj.png"" /> Svalbard and Jan Mayen</a></div>",Svalbard and Jan Mayen
350246,"<div><a href=""/places/default/view/Swaziland-218""><img src=""/places/static/images/flags/sz.png"" /> Swaziland</a></div>",Swaziland
350247,"<div><a href=""/places/default/view/Sweden-219""><img src=""/places/static/images/flags/se.png"" /> Sweden</a></div>",Sweden
350248,"<div><a href=""/places/default/view/Switzerland-220""><img src=""/places/static/images/flags/ch.png"" /> Switzerland</a></div>",Switzerland
350249,"<div><a href=""/places/default/view/Syria-221""><img src=""/places/static/images/flags/sy.png"" /> Syria</a></div>",Syria
350250,"<div><a href=""/places/default/view/Taiwan-222""><img src=""/places/static/images/flags/tw.png"" /> Taiwan</a></div>",Taiwan
350251,"<div><a href=""/places/default/view/Tajikistan-223""><img src=""/places/static/images/flags/tj.png"" /> Tajikistan</a></div>",Tajikistan
350252,"<div><a href=""/places/default/view/Tanzania-224""><img src=""/places/static/images/flags/tz.png"" /> Tanzania</a></div>",Tanzania
350253,"<div><a href=""/places/default/view/Thailand-225""><img src=""/places/static/images/flags/th.png"" /> Thailand</a></div>",Thailand
350254,"<div><a href=""/places/default/view/Togo-226""><img src=""/places/static/images/flags/tg.png"" /> Togo</a></div>",Togo
350255,"<div><a href=""/places/default/view/Tokelau-227""><img src=""/places/static/images/flags/tk.png"" /> Tokelau</a></div>",Tokelau
350256,"<div><a href=""/places/default/view/Tonga-228""><img src=""/places/static/images/flags/to.png"" /> Tonga</a></div>",Tonga
350257,"<div><a href=""/places/default/view/Trinidad-and-Tobago-229""><img src=""/places/static/images/flags/tt.png"" /> Trinidad and Tobago</a></div>",Trinidad and Tobago
350258,"<div><a href=""/places/default/view/Tunisia-230""><img src=""/places/static/images/flags/tn.png"" /> Tunisia</a></div>",Tunisia
350259,"<div><a href=""/places/default/view/Turkey-231""><img src=""/places/static/images/flags/tr.png"" /> Turkey</a></div>",Turkey
350260,"<div><a href=""/places/default/view/Turkmenistan-232""><img src=""/places/static/images/flags/tm.png"" /> Turkmenistan</a></div>",Turkmenistan
350261,"<div><a href=""/places/default/view/Turks-and-Caicos-Islands-233""><img src=""/places/static/images/flags/tc.png"" /> Turks and Caicos Islands</a></div>",Turks and Caicos Islands
350262,"<div><a href=""/places/default/view/Tuvalu-234""><img src=""/places/static/images/flags/tv.png"" /> Tuvalu</a></div>",Tuvalu
350263,"<div><a href=""/places/default/view/US-Virgin-Islands-235""><img src=""/places/static/images/flags/vi.png"" /> U.S. Virgin Islands</a></div>",U.S. Virgin Islands
350264,"<div><a href=""/places/default/view/Uganda-236""><img src=""/places/static/images/flags/ug.png"" /> Uganda</a></div>",Uganda
350265,"<div><a href=""/places/default/view/Ukraine-237""><img src=""/places/static/images/flags/ua.png"" /> Ukraine</a></div>",Ukraine
350266,"<div><a href=""/places/default/view/United-Arab-Emirates-238""><img src=""/places/static/images/flags/ae.png"" /> United Arab Emirates</a></div>",United Arab Emirates
350267,"<div><a href=""/places/default/view/United-Kingdom-239""><img src=""/places/static/images/flags/gb.png"" /> United Kingdom</a></div>",United Kingdom
350268,"<div><a href=""/places/default/view/United-States-240""><img src=""/places/static/images/flags/us.png"" /> United States</a></div>",United States
350269,"<div><a href=""/places/default/view/United-States-Minor-Outlying-Islands-241""><img src=""/places/static/images/flags/um.png"" /> United States Minor Outlying Islands</a></div>",United States Minor Outlying Islands
350270,"<div><a href=""/places/default/view/Uruguay-242""><img src=""/places/static/images/flags/uy.png"" /> Uruguay</a></div>",Uruguay
350271,"<div><a href=""/places/default/view/Uzbekistan-243""><img src=""/places/static/images/flags/uz.png"" /> Uzbekistan</a></div>",Uzbekistan
350272,"<div><a href=""/places/default/view/Vanuatu-244""><img src=""/places/static/images/flags/vu.png"" /> Vanuatu</a></div>",Vanuatu
350273,"<div><a href=""/places/default/view/Vatican-245""><img src=""/places/static/images/flags/va.png"" /> Vatican</a></div>",Vatican
350274,"<div><a href=""/places/default/view/Venezuela-246""><img src=""/places/static/images/flags/ve.png"" /> Venezuela</a></div>",Venezuela
350275,"<div><a href=""/places/default/view/Vietnam-247""><img src=""/places/static/images/flags/vn.png"" /> Vietnam</a></div>",Vietnam
350276,"<div><a href=""/places/default/view/Wallis-and-Futuna-248""><img src=""/places/static/images/flags/wf.png"" /> Wallis and Futuna</a></div>",Wallis and Futuna
350277,"<div><a href=""/places/default/view/Western-Sahara-249""><img src=""/places/static/images/flags/eh.png"" /> Western Sahara</a></div>",Western Sahara
350278,"<div><a href=""/places/default/view/Yemen-250""><img src=""/places/static/images/flags/ye.png"" /> Yemen</a></div>",Yemen
350279,"<div><a href=""/places/default/view/Zambia-251""><img src=""/places/static/images/flags/zm.png"" /> Zambia</a></div>",Zambia
350280,"<div><a href=""/places/default/view/Zimbabwe-252""><img src=""/places/static/images/flags/zw.png"" /> Zimbabwe</a></div>",Zimbabwe
